INSERT INTO ACCOUNTS (id, name, bio, icon, header_photo, location, birthday, registered, following, follower, valid_flag, delete_flag)
VALUES
('q30387','Shingo Kajihara','最近はVue.jsを学習中です。','/icons/account/azarashi.png','/images/header/h01.jpg','東京都','1985-05-23','2015-06-15',10,15,1,0),
('user_current','CurrentUser','コーディング中………','/icons/account/my_icon.svg','/images/header/h02.jpg','大阪府','1990-09-12','2018-02-20',20,25,1,0),
('user_A','Test User A','user_aaaaaaaaaaaaaaaaaaaaaaaaaaaaaaaaaaaaaaaaaaaaaaaaaaaaaaaaaaaaaaaaaa','/icons/account/kkrn_icon_user_12.svg','/images/header/h03.jpg','愛知県','1988-04-10','2016-05-17',5,7,1,0),
('user_B','Test User B','user_bbbbbbbbbbbbbbbbbbbbbbbbbbbbbbbbbbbbbbbbbbbbbbbbbbbbbbbbbbbbbbbbbb','/icons/account/kkrn_icon_user_14.svg','/images/header/h04.jpg','神奈川県','1992-11-01','2017-07-25',3,10,1,0),
('user_C','Test User C','user_cccccccccccccccccccccccccccccccccccccccccccccccccccccccccccccccccc','/icons/account/kkrn_icon_user_3.svg','/images/header/h05.jpg','千葉県','1985-03-13','2011-09-19',8,12,1,0),
('user_D','Test User D','user_dddddddddddddddddddddddddddddddddddddddddddddddddddddddddddddddddd','/icons/account/kkrn_icon_user_6.svg','/images/header/h06.jpg','福岡県','1987-07-24','2014-01-15',0,1,1,0),
('user_E','Test User E','user_eeeeeeeeeeeeeeeeeeeeeeeeeeeeeeeeeeeeeeeeeeeeeeeeeeeeeeeeeeeeeeeeee','/icons/account/kkrn_icon_user_9.svg','/images/header/h07.jpg','北海道','1986-02-18','2013-03-10',18,20,1,0),
('user_F','Test User F','user_ffffffffffffffffffffffffffffffffffffffffffffffffffffffffffffffffff','/icons/account/kkrn_icon_user_1.svg','/images/header/h08.jpg','京都府','1989-08-30','2012-10-22',12,13,1,0),
('user_G','Test User G','+++++++++++++++++++++++++++++++++++++++++++++++++++++++++++++++++++++++','/icons/account/kkrn_icon_user_5.svg','/images/header/h09.jpg','広島県','1991-05-05','2019-08-11',4,6,1,0),
('user_H','Test User H','-----------------------------------------------------------------------','/icons/account/my_icon.svg','/images/header/h10.jpg','沖縄県','1993-10-01','2020-12-24',9,14,1,0),
('user_I','Test User I','***********************************************************************','/icons/account/kkrn_icon_user_8.svg','/images/header/h01.jpg','新潟県','1980-01-15','2010-04-30',7,9,1,0),
('user_1','Taro Suzuki','Vue.jsを勉強中です。','/icons/account/kkrn_icon_user_15.svg','/images/header/h02.jpg','岐阜県','1994-12-22','2018-01-10',5,8,1,0),
('user_2','Hanako Yamada','Webデザインに興味があります。','/icons/account/kkrn_icon_user_16.svg','/images/header/h03.jpg','静岡県','1996-03-17','2019-09-05',15,18,1,0),
('user_3','Ichiro Tanaka','フロントエンド開発者です。','/icons/account/kkrn_icon_user_3.svg','/images/header/h04.jpg','兵庫県','1982-07-11','2012-02-28',10,12,1,0),
('user_4','Yuko Watanabe','ReactとAngularも勉強中です。','/icons/account/kkrn_icon_user_4.svg','/images/header/h05.jpg','三重県','1995-09-20','2017-06-18',8,11,1,0),
('user_5','Kenji Sato','プログラミングが趣味です。','/icons/account/kkrn_icon_user_5.svg','/images/header/h06.jpg','長野県','1984-11-15','2011-11-03',9,10,1,0),
('user_6','Aya Nakamura','デザインとコーディングが好きです。','/icons/account/kkrn_icon_user_6.svg','/images/header/h07.jpg','石川県','1981-06-06','2010-08-26',3,5,1,0),
('user_7','Daiki Ito','ゲーム開発に興味があります。','/icons/account/kkrn_icon_user_7.svg','/images/header/h08.jpg','富山県','1983-01-21','2013-12-07',2,4,1,0),
('user_8','Mio Takahashi','モバイルアプリの開発をしています。','/icons/account/kkrn_icon_user_8.svg','/images/header/h09.jpg','宮城県','1998-10-30','2020-01-16',1,3,1,0),
('user_9','Ryo Nishimura','UI/UXデザインを勉強中です。','/icons/account/kkrn_icon_user_9.svg','/images/header/h10.jpg','岡山県','1986-08-09','2014-05-25',4,7,1,0),
('user_10','Sakura Inoue','新しい技術に興味があります。','/icons/account/kkrn_icon_user_10.svg','/images/header/h01.jpg','山形県','1988-02-27','2016-07-19',7,9,1,0),
('user_11','Takashi Yamamoto','モバイルアプリのUIデザインをしています。','/icons/account/kkrn_icon_user_11.svg','/images/header/h02.jpg','熊本県','1989-12-05','2017-11-21',6,8,1,0),
('user_12','Yui Kobayashi','フルスタックエンジニアです。','/icons/account/kkrn_icon_user_12.svg','/images/header/h03.jpg','群馬県','1987-07-08','2014-09-03',14,16,1,0),
('user_13','Kota Sasaki','Webアプリケーションを開発しています。','/icons/account/kkrn_icon_user_13.svg','/images/header/h04.jpg','奈良県','1985-04-25','2012-06-14',12,13,1,0),
('user_14','Ayumi Ito','デザインとプログラミングの両方をしています。','/icons/account/kkrn_icon_user_14.svg','/images/header/h05.jpg','愛媛県','1993-05-14','2019-02-22',9,11,1,0),
('user_15','Yuto Tanaka','Vue.jsを学んでいます。','/icons/account/kkrn_icon_user_1.svg','/images/header/h06.jpg','鹿児島県','1991-01-01','2015-04-09',5,6,1,0),
('user_16','Sora Yamamoto','Webデザインに興味があります。','/icons/account/kkrn_icon_user_2.svg','/images/header/h07.jpg','長崎県','1997-08-07','2021-03-27',8,10,1,0),
('user_17','Rio Watanabe','フロントエンドエンジニアです。','/icons/account/kkrn_icon_user_3.svg','/images/header/h08.jpg','山梨県','1990-11-11','2015-12-31',4,6,1,0),
('user_18','Yuna Sato','ReactとAngularも勉強中です。','/icons/account/kkrn_icon_user_4.svg','/images/header/h09.jpg','秋田県','1992-06-18','2018-05-09',11,13,1,0),
('user_19','Haruto Nakamura','プログラミングが趣味です。','/icons/account/kkrn_icon_user_5.svg','/images/header/h10.jpg','滋賀県','1983-09-24','2011-10-14',2,3,1,0),
('user_20','Miku Ito','デザインとコーディングが好きです。','/icons/account/kkrn_icon_user_6.svg','/images/header/h01.jpg','茨城県','1984-05-28','2012-07-23',6,7,1,0),
('user_21','Riku Tanaka','ゲーム開発に興味があります。','/icons/account/kkrn_icon_user_7.svg','/images/header/h02.jpg','徳島県','1988-08-01','2013-11-10',5,8,1,0),
('user_22','Sakura Suzuki','モバイルアプリの開発をしています。','/icons/account/kkrn_icon_user_8.svg','/images/header/h03.jpg','大分県','1996-12-16','2021-04-29',7,9,1,0),
('user_23','Haruka Watanabe','UI/UXデザインを勉強中です。','/icons/account/kkrn_icon_user_9.svg','/images/header/h04.jpg','高知県','1987-01-30','2011-08-17',9,12,1,0),
('user_24','Kaito Nishimura','新しい技術に興味があります。','/icons/account/kkrn_icon_user_10.svg','/images/header/h05.jpg','和歌山県','1985-06-12','2016-09-25',11,14,1,0),
('user_25','Aoi Inoue','モバイルアプリのUIデザインをしています。','/icons/account/kkrn_icon_user_11.svg','/images/header/h06.jpg','宮崎県','1991-03-02','2018-07-15',8,10,1,0),
('user_26','Ren Kobayashi','フルスタックエンジニアです。','/icons/account/kkrn_icon_user_12.svg','/images/header/h07.jpg','岐阜県','1990-10-19','2017-11-11',9,11,1,0),
('user_27','Rin Sasaki','Webアプリケーションを開発しています。','/icons/account/kkrn_icon_user_13.svg','/images/header/h08.jpg','新潟県','1995-12-07','2021-05-20',4,6,1,0),
('user_28','Asahi Ito','デザインとプログラミングの両方をしています。','/icons/account/kkrn_icon_user_14.svg','/images/header/h09.jpg','福島県','1982-01-14','2012-03-15',2,4,1,0),
('user_29','Yui Tanaka','Vue.jsを学んでいます。','/icons/account/kkrn_icon_user_1.svg','/images/header/h10.jpg','青森県','1986-11-06','2014-06-10',5,7,1,0),
('user_30','Sora Yamada','Webデザインに興味があります。','/icons/account/kkrn_icon_user_2.svg','/images/header/h01.jpg','佐賀県','1994-04-03','2019-02-14',7,9,1,0),
('q','Shingo Kajihara','最近はVue.jsを学習中です。','/icons/account/azarashi.png','/images/header/h01.jpg','東京都','1985-05-23','2015-06-15',10,15,1,0);

INSERT INTO TWEETS (account_id, text, image, likes, retweets, replies, views, datetime, location, delete_flag)
VALUES
('user_A','富山のホタルイカ、最高🍻','/images/tweet/img02.jpg',9,23,7,14,'2024-03-01 15:30:00','富山県滑川市',0),
('user_B','夜間はライトアップも実施「令和6年度 八女黒木大藤まつり」開催！','/images/tweet/img03.jpg',301,2,0,124,'2024-03-03 11:23:55','福岡県八女市',0),
('user_C','プレゼントキャンペーン🎁','/images/tweet/img04.jpg',30133,2322,792,140230,'2024-03-10 00:21:51','東京都江東区',0),
('user_D','ガチャ爆死したなう','/images/tweet/img01.jpg',13,3,2,140,'2024-03-18 20:10:01','東京都江東区',0),
('user_E','コカ・コーラ 500ml×24本がクーポンと定期お得便で1691円に #広告','/images/tweet/img01.jpg',23301,232,7333,149934,'2024-03-29 15:30:11',NULL,0),
('user_F','急速に溶けていくギルバトのモチベ','/images/tweet/img01.jpg',1,0,0,23,'2024-03-30 01:04:43','神奈川県横浜市',0),
('user_C','【おはようございます】今日もいい天気ですね！朝から元気に出勤中です。渋谷区はいつも賑やかですね♪ #朝活 #渋谷','/images/tweet/img01.jpg',11,3,0,63,'2023-07-12 23:01:39','東京都渋谷区',0),
('user_20','【お昼ごはん】宇都宮市の有名なラーメン屋さんに行ってきました！美味しかったです♪ #ラーメン #宇都宮','/images/tweet/img05.jpg',27,1,1,29,'2023-09-13 14:26:56','栃木県宇都宮市',0),
('user_3','【最近のお気に入り】新潟市のカフェで見つけた素敵な本、読み終わりました！おすすめです！ #読書 #新潟','/images/tweet/img06.jpg',1,2,1,1,'2023-09-09 15:36:57','新潟県新潟市',0),
('user_A','【夜の八戸市】夜景が綺麗な八戸市、今日も癒されました♪ #夜景 #八戸','/images/tweet/img01.jpg',31,3,1,148,'2023-07-30 00:51:59','青森県八戸市',0),
('user_8','【湖畔の朝】彦根市の湖畔で朝ランニング、気持ちいいですね！ #朝ラン #彦根','/images/tweet/img01.jpg',9,0,0,40,'2023-08-31 09:41:46','滋賀県彦根市',0),
('user_2','【福井市の風景】福井市の公園でのんびり過ごしています。 #公園 #福井','/images/tweet/img01.jpg',10,3,0,92,'2023-08-23 10:28:52','福井県福井市',0),
('user_25','【神戸市でランチ】神戸市で美味しいお店を見つけました！ #ランチ #神戸','/images/tweet/img07.jpg',30,2,1,234,'2023-10-11 12:13:07','兵庫県神戸市',0),
('user_G','【お昼休みの小松市】小松市の公園でお昼休み中です。 #お昼休み #小松','/images/tweet/img08.jpg',1,0,0,9,'2023-06-01 16:24:08','石川県小松市',0),
('user_17','【熊本市の街角】熊本市の街角にあるカフェでコーヒーを飲んでいます。 #カフェ #熊本','/images/tweet/img01.jpg',2,1,0,2,'2023-01-18 03:48:03','熊本県熊本市',0),
('user_8','【米沢市の観光】米沢市の観光地を散策中です！ #観光 #米沢','/images/tweet/img01.jpg',13,1,70,404,'2023-06-01 03:29:09','山形県米沢市',0),
('user_16','【秋田県横手市で遊ぶ】秋田県横手市の遊園地に来ました！楽しいです♪ #遊園地 #秋田','/images/tweet/img01.jpg',24,3,1,604,'2024-04-01 08:14:19','秋田県横手市',0),
('user_8','【郡山市の雪景色】郡山市でのんびり雪景色を楽しんでいます。 #雪 #郡山','/images/tweet/img01.jpg',30,2,5,1411,'2024-01-31 23:44:14','福島県郡山市',0),
('user_14','【高崎市の夜景】高崎市の夜景が綺麗ですね！ #夜景 #高崎','/images/tweet/img01.jpg',91,3,7,1914,'2023-01-29 06:03:18','群馬県高崎市',0),
('user_25','【沼津市の海】沼津市の海岸で波の音を聞きながら散歩しています。 #海 #沼津','/images/tweet/img01.jpg',1,0,0,4,'2023-12-22 08:56:50','静岡県沼津市',0),
('user_4','【旭川市でカフェ】旭川市のカフェで友達とおしゃべり中♪ #カフェ #旭川','/images/tweet/img09.jpg',1,2,6,124,'2023-11-13 02:16:13','北海道旭川市',0),
('user_G','【堺市の夜】堺市の夜景がとても幻想的です！ #夜景 #堺','/images/tweet/img01.jpg',366,23,17,3800,'2023-12-04 00:45:58','大阪府堺市',0),
('user_4','【彦根市のお祭り】彦根市のお祭りに参加しています！ #お祭り #彦根','/images/tweet/img10.jpg',30,3,2,1095,'2023-01-13 14:01:38','滋賀県彦根市',0),
('user_20','【島原市の温泉】島原市の温泉で癒されてきました♪ #温泉 #島原','/images/tweet/img01.jpg',54,13,5,3214,'2023-06-21 22:31:58','長崎県島原市',0),
('user_13','【大分市の夕日】大分市の海岸で夕日を見ています！ #夕日 #大分','/images/tweet/img11.jpg',11,1,0,3114,'2023-09-29 13:39:27','大分県大分市',0),
('user_30','【熊本市のイルミネーション】熊本市のイルミネーションが素敵ですね！ #イルミネーション #熊本','/images/tweet/img01.jpg',50,5,3,8114,'2023-05-04 07:56:16','熊本県熊本市',0),
('user_27','【大和高田市の公園】大和高田市の公園でピクニックしています♪ #ピクニック #大和高田','/images/tweet/img01.jpg',1,0,0,10,'2023-08-15 02:47:08','奈良県大和高田市',0),
('user_5','【丸亀市の名物】丸亀市の讃岐うどんを食べています！ #うどん #丸亀','/images/tweet/img01.jpg',1,2,0,13,'2023-12-08 03:37:37','香川県丸亀市',0),
('user_8','【島原市の海岸】島原市の海岸でサーフィンを楽しんでいます！ #サーフィン #島原','/images/tweet/img01.jpg',11,3,0,114,'2023-01-09 07:24:15','長崎県島原市',0),
('user_24','【川口市のイベント】川口市で開催されているイベントに参加しています！ #イベント #川口','/images/tweet/img01.jpg',1,0,0,111,'2024-02-23 23:45:08','埼玉県川口市',0),
('user_21','【姫路市の観光】姫路市の城を見学中です！ #観光 #姫路','/images/tweet/img02.jpg',301,23,7,14,'2023-12-21 09:04:59','兵庫県姫路市',0),
('user_11','【名古屋市のショッピング】名古屋市のショッピングモールでお買い物しています♪ #ショッピング #名古屋','/images/tweet/img03.jpg',845,2,6,4634,'2023-12-20 12:19:27','愛知県名古屋市',0),
('user_29','【鹿児島市のグルメ】鹿児島市の居酒屋で美味しい料理を楽しんでいます！ #居酒屋 #鹿児島','/images/tweet/img01.jpg',366,19,7,2244,'2023-03-05 21:28:45','鹿児島県鹿児島市',0),
('user_9','【長野市の雪】長野市で雪だるまを作っています！ #雪だるま #長野','/images/tweet/img04.jpg',751,3,8,3128,'2024-01-15 17:33:29','長野県長野市',0),
('user_D','【水戸市の公園】水戸市の公園で散歩中です。 #散歩 #水戸','/images/tweet/img06.jpg',255,13,0,4385,'2023-11-09 08:24:59','茨城県水戸市',0),
('user_21','【姫路市の観光】姫路市の城を見学中です！ #観光 #姫路',NULL,493,19,4,448,'2023-12-21 09:04:59','兵庫県姫路市',0),
('user_11','【名古屋市のショッピング】名古屋市のショッピングモールでお買い物しています♪ #ショッピング #名古屋',NULL,21,9,3,3103,'2023-12-20 12:19:27','愛知県名古屋市',0),
('user_29','【鹿児島市のグルメ】鹿児島市の居酒屋で美味しい料理を楽しんでいます！ #居酒屋 #鹿児島','/images/tweet/img05.jpg',844,1,4,3390,'2023-03-05 21:28:45','鹿児島県鹿児島市',0),
('user_9','【長野市の雪】長野市で雪だるまを作っています！ #雪だるま #長野',NULL,614,11,7,2371,'2024-01-15 17:33:29','長野県長野市',0),
('user_D','【水戸市の公園】水戸市の公園で散歩中です。 #散歩 #水戸','/images/tweet/img06.jpg',802,1,6,350,'2023-11-09 08:24:59','茨城県水戸市',0),
('user_16','【秋田市の祭り】秋田市の祭りに来ました！たくさんの人が楽しんでいます♪ #秋田 #祭り','/images/tweet/img07.jpg',48,8,4,4252,'2023-08-12 18:22:14','秋田県秋田市',0),
('user_B','【静岡市の花火大会】静岡市の花火大会に友達と来ました！素敵な夜です♪ #花火大会 #静岡','/images/tweet/img08.jpg',542,10,0,4214,'2023-07-05 21:59:08','静岡県静岡市',0),
('user_15','【富山市のグルメ】富山市の海鮮丼を食べています！美味しいです♪ #海鮮丼 #富山','/images/tweet/img09.jpg',958,8,9,2920,'2023-04-19 13:08:03','富山県富山市',0),
('user_23','【福岡市のカフェ】福岡市のカフェで友達とお茶しています♪ #カフェ #福岡','/images/tweet/img10.jpg',975,10,10,3211,'2023-09-28 15:02:22','福岡県福岡市',0),
('user_28','【広島市の夜景】広島市の夜景を見に来ました！ロマンチックですね♪ #夜景 #広島','/images/tweet/img11.jpg',942,17,8,3842,'2023-11-02 22:14:38','広島県広島市',0),
('user_7','【岡山市の博物館】岡山市の博物館で歴史を学んでいます！ #博物館 #岡山',NULL,179,6,5,3510,'2023-10-25 11:39:08','岡山県岡山市',1),
('user_25','【神戸市の公園】神戸市の公園でお弁当を食べています♪ #お弁当 #神戸',NULL,509,5,2,4691,'2023-08-17 12:09:31','兵庫県神戸市',1),
('user_25','【神戸市の夜景】神戸市の夜景が綺麗ですね！ #夜景 #神戸',NULL,801,18,0,1763,'2023-11-22 05:36:12','兵庫県神戸市',1),
('user_19','【千葉市の公園】千葉市の公園でお花見中です♪ #お花見 #千葉',NULL,350,5,2,3875,'2023-04-05 18:43:02','千葉県千葉市',1),
('user_10','【盛岡市の観光】盛岡市の観光地を巡っています！ #観光 #盛岡',NULL,464,17,10,3009,'2023-09-19 20:51:11','岩手県盛岡市',1),
('user_22','【大阪市のグルメ】大阪市のたこ焼き屋さんでたこ焼きを食べています！ #たこ焼き #大阪',NULL,301,23,7,14,'2023-03-15 14:22:59','大阪府大阪市',0),
('user_23','【福岡市の温泉】福岡市の温泉でリフレッシュしています♪ #温泉 #福岡',NULL,790,3,5,270,'2023-11-30 09:37:43','福岡県福岡市',0),
('user_28','【広島市の公園】広島市の公園で遊んでいます♪ #公園 #広島',NULL,207,0,4,2329,'2023-01-17 17:55:38','広島県広島市',1),
('user_7','【岡山市のグルメ】岡山市の牛丼を食べています！ #牛丼 #岡山',NULL,4,16,7,1628,'2023-06-08 13:49:14','岡山県岡山市',1),
('user_19','【千葉市の花火大会】千葉市の花火大会に友達と行ってきました！素敵な夜です♪ #花火大会 #千葉',NULL,94,8,10,3260,'2023-07-24 21:03:59','千葉県千葉市',0),
('user_10','【盛岡市の雪景色】盛岡市の雪景色が綺麗ですね♪ #雪景色 #盛岡',NULL,961,16,1,2553,'2024-01-09 08:14:29','岩手県盛岡市',1),
('user_22','【大阪市のグルメ】大阪市のたこ焼き屋さんでたこ焼きを食べています！ #たこ焼き #大阪',NULL,920,7,1,4871,'2023-03-15 14:22:59','大阪府大阪市',0),
('user_23','【福岡市の温泉】福岡市の温泉でリフレッシュしています♪ #温泉 #福岡',NULL,65,9,0,4675,'2023-11-30 09:37:43','福岡県福岡市',0),
('user_28','【広島市の公園】広島市の公園で遊んでいます♪ #公園 #広島',NULL,670,16,10,1913,'2023-01-17 17:55:38','広島県広島市',1),
('user_7','【岡山市のグルメ】岡山市の牛丼を食べています！ #牛丼 #岡山',NULL,833,19,1,2070,'2023-06-08 13:49:14','岡山県岡山市',1),
('user_19','【千葉市の花火大会】千葉市の花火大会に友達と行ってきました！素敵な夜です♪ #花火大会 #千葉',NULL,58,1,8,4192,'2023-07-24 21:03:59','千葉県千葉市',0),
('user_10','【盛岡市の雪景色】盛岡市の雪景色が綺麗ですね♪ #雪景色 #盛岡',NULL,402,0,5,4579,'2024-01-09 08:14:29','岩手県盛岡市',0);

--自分のツイートデータ
INSERT INTO TWEETS (account_id, text, image, likes, retweets, replies, views, datetime, location, delete_flag)
VALUES
('q30387', '今日はとてもいい天気ですね。', NULL, 45, 10, 5, 300, '2022-02-15 10:30:45', '渋谷区', 0),
('q30387', '新しいカフェがオープンしました。', NULL, 60, 20, 10, 500, '2022-05-01 14:00:00', '港区', 0),
('q30387', '映画を見に行きました。とても面白かったです。', NULL, 80, 25, 15, 700, '2022-07-10 18:45:30', '新宿区', 0),
('q30387', '今日のランチは美味しかった！', NULL, 50, 15, 8, 400, '2022-09-20 12:15:10', '世田谷区', 0),
('q30387', '公園でジョギングしてきました。気持ちよかった。', NULL, 90, 30, 20, 800, '2022-12-05 08:00:00', '品川区', 0),
('q30387', '久しぶりに友達と会って楽しかったです。', NULL, 70, 20, 12, 600, '2023-01-10 17:00:45', '目黒区', 0),
('q30387', '今日は仕事がはかどった一日でした。', NULL, 40, 10, 5, 300, '2023-03-25 16:30:20', '大田区', 0),
('q30387', '新しい本を買いました。読むのが楽しみです。', NULL, 55, 18, 9, 450, '2023-05-15 11:45:50', '千代田区', 0),
('q30387', '美味しいレストランを見つけました。', NULL, 65, 22, 11, 550, '2023-07-20 19:15:30', '中央区', 0),
('q30387', '今日は雨が降っていて少し寒いです。', NULL, 35, 12, 6, 350, '2023-10-05 09:00:00', '台東区', 0),
('q30387', '新しい趣味を始めました。楽しいです。', NULL, 75, 28, 13, 650, '2023-12-12 14:30:45', '墨田区', 0),
('q30387', '今日は休日なので、ゆっくり過ごしました。', NULL, 50, 15, 7, 400, '2024-01-25 13:00:00', '江東区', 0),
('q30387', '美術館に行ってきました。素晴らしかったです。', NULL, 85, 30, 14, 750, '2024-03-10 15:45:20', '葛飾区', 0),
('q30387', '今日は新しいレシピに挑戦しました。', NULL, 45, 17, 8, 380, '2024-05-22 18:00:00', '練馬区', 0),
('q30387', '最近、運動を始めました。健康的です。', NULL, 60, 20, 10, 500, '2024-07-30 07:45:10', '杉並区', 0),
('q30387', '友人の誕生日パーティーに行ってきました。', NULL, 70, 25, 12, 600, '2024-09-15 20:30:45', '板橋区', 0),
('q30387', '今日は読書の日でした。', NULL, 50, 15, 6, 400, '2024-11-22 17:00:30', '江戸川区', 0),
('q30387', '新しい靴を買いました。歩きやすいです。', NULL, 55, 18, 9, 450, '2022-04-15 16:45:20', '豊島区', 0),
('q30387', '今日は海に行ってきました。楽しかった！', NULL, 90, 30, 20, 800, '2022-08-20 13:30:00', '北区', 0),
('q30387', '映画館で最新作を見ました。最高でした。', NULL, 75, 28, 15, 700, '2022-11-25 19:00:00', '荒川区', 0),
('q30387', '新しい料理に挑戦しました。美味しくできました。', NULL, 50, 15, 7, 400, '2023-02-10 18:30:45', '足立区', 1),
('q30387', '今日はゆっくりお風呂に入ってリラックスしました。', NULL, 65, 20, 10, 500, '2023-05-01 21:15:10', '八王子市', 0),
('q30387', '新しい音楽アルバムを聴きました。素晴らしい！', NULL, 80, 25, 12, 600, '2023-08-05 14:00:00', '武蔵野市', 0),
('q30387', '今日はランニングしました。気持ちいいです。', NULL, 40, 10, 5, 300, '2023-11-15 07:30:20', '三鷹市', 1),
('q30387', '友達とカフェでお茶しました。楽しかった。', NULL, 55, 18, 9, 450, '2024-02-20 16:00:45', '調布市', 0),
('q30387', '今日は料理をしました。美味しかったです。', NULL, 65, 22, 11, 550, '2024-05-01 19:15:10', '町田市', 1),
('q30387', '新しいスマホを買いました。使いやすいです。', NULL, 70, 20, 10, 600, '2024-08-15 12:00:00', '立川市', 0),
('q30387', '今日は自転車で遠出しました。楽しかった！', NULL, 85, 30, 15, 750, '2024-11-01 10:45:30', '青梅市', 1),
('q30387', '友人と一緒にドライブに行ってきました。', NULL, 50, 15, 6, 400, '2022-03-12 09:30:45', '府中市', 0),
('q30387', '今日は美味しいスイーツを食べました。幸せ！', NULL, 60, 20, 10, 500, '2022-06-25 15:00:00', '昭島市', 1),
('q30387', '新しいギターを買いました。弾くのが楽しみです。', NULL, 75, 25, 12, 650, '2022-09-10 18:45:20', '小金井市', 0);

INSERT INTO SCHEDULED_TWEETS (account_id, text, image, location, scheduled_datetime, created_datetime, delete_flag) VALUES
('q30387', 'ツイート内容1', '/images/tweet/img01.jpg', '東京都', FORMATDATETIME(DATEADD(SECOND, 10, CURRENT_TIMESTAMP), 'yyyy-MM-dd HH:mm:ss'), FORMATDATETIME(CURRENT_TIMESTAMP, 'yyyy-MM-dd HH:mm:ss'), 0),
('user_A', 'ツイート内容2', '/images/tweet/img02.jpg', '大阪府', FORMATDATETIME(DATEADD(SECOND, 20, CURRENT_TIMESTAMP), 'yyyy-MM-dd HH:mm:ss'), FORMATDATETIME(CURRENT_TIMESTAMP, 'yyyy-MM-dd HH:mm:ss'), 0),
('user_B', 'ツイート内容3', '/images/tweet/img03.jpg', '北海道', FORMATDATETIME(DATEADD(SECOND, 30, CURRENT_TIMESTAMP), 'yyyy-MM-dd HH:mm:ss'), FORMATDATETIME(CURRENT_TIMESTAMP, 'yyyy-MM-dd HH:mm:ss'), 0),
('user_C', 'ツイート内容4', '/images/tweet/img04.jpg', '福岡県', FORMATDATETIME(DATEADD(SECOND, 40, CURRENT_TIMESTAMP), 'yyyy-MM-dd HH:mm:ss'), FORMATDATETIME(CURRENT_TIMESTAMP, 'yyyy-MM-dd HH:mm:ss'), 0),
('q30387', 'ツイート内容5', '/images/tweet/img05.jpg', '愛知県', FORMATDATETIME(DATEADD(SECOND, 50, CURRENT_TIMESTAMP), 'yyyy-MM-dd HH:mm:ss'), FORMATDATETIME(CURRENT_TIMESTAMP, 'yyyy-MM-dd HH:mm:ss'), 0),
('user_A', 'ツイート内容6', '/images/tweet/img06.jpg', '神奈川県', FORMATDATETIME(DATEADD(SECOND, 60, CURRENT_TIMESTAMP), 'yyyy-MM-dd HH:mm:ss'), FORMATDATETIME(CURRENT_TIMESTAMP, 'yyyy-MM-dd HH:mm:ss'), 0),
('user_B', 'ツイート内容7', '/images/tweet/img07.jpg', '千葉県', FORMATDATETIME(DATEADD(SECOND, 70, CURRENT_TIMESTAMP), 'yyyy-MM-dd HH:mm:ss'), FORMATDATETIME(CURRENT_TIMESTAMP, 'yyyy-MM-dd HH:mm:ss'), 0),
('user_C', 'ツイート内容8', '/images/tweet/img08.jpg', '京都府', FORMATDATETIME(DATEADD(SECOND, 80, CURRENT_TIMESTAMP), 'yyyy-MM-dd HH:mm:ss'), FORMATDATETIME(CURRENT_TIMESTAMP, 'yyyy-MM-dd HH:mm:ss'), 0),
('q30387', 'ツイート内容9', '/images/tweet/img09.jpg', '兵庫県', FORMATDATETIME(DATEADD(SECOND, 90, CURRENT_TIMESTAMP), 'yyyy-MM-dd HH:mm:ss'), FORMATDATETIME(CURRENT_TIMESTAMP, 'yyyy-MM-dd HH:mm:ss'), 0),
('user_A', 'ツイート内容10', '/images/tweet/img10.jpg', '広島県', FORMATDATETIME(DATEADD(SECOND, 100, CURRENT_TIMESTAMP), 'yyyy-MM-dd HH:mm:ss'), FORMATDATETIME(CURRENT_TIMESTAMP, 'yyyy-MM-dd HH:mm:ss'), 0),
('user_B', 'ツイート内容11', '/images/tweet/img11.jpg', '宮城県', FORMATDATETIME(DATEADD(SECOND, 110, CURRENT_TIMESTAMP), 'yyyy-MM-dd HH:mm:ss'), FORMATDATETIME(CURRENT_TIMESTAMP, 'yyyy-MM-dd HH:mm:ss'), 0),
('user_C', 'ツイート内容12', '/images/tweet/img12.jpg', '長野県', FORMATDATETIME(DATEADD(SECOND, 120, CURRENT_TIMESTAMP), 'yyyy-MM-dd HH:mm:ss'), FORMATDATETIME(CURRENT_TIMESTAMP, 'yyyy-MM-dd HH:mm:ss'), 0),
('q30387', 'ツイート内容13', '/images/tweet/img13.jpg', '沖縄県', FORMATDATETIME(DATEADD(SECOND, 130, CURRENT_TIMESTAMP), 'yyyy-MM-dd HH:mm:ss'), FORMATDATETIME(CURRENT_TIMESTAMP, 'yyyy-MM-dd HH:mm:ss'), 0),
('user_A', 'ツイート内容14', '/images/tweet/img14.jpg', '静岡県', FORMATDATETIME(DATEADD(SECOND, 140, CURRENT_TIMESTAMP), 'yyyy-MM-dd HH:mm:ss'), FORMATDATETIME(CURRENT_TIMESTAMP, 'yyyy-MM-dd HH:mm:ss'), 0),
('user_B', 'ツイート内容15', '/images/tweet/img15.jpg', '茨城県', FORMATDATETIME(DATEADD(SECOND, 150, CURRENT_TIMESTAMP), 'yyyy-MM-dd HH:mm:ss'), FORMATDATETIME(CURRENT_TIMESTAMP, 'yyyy-MM-dd HH:mm:ss'), 0),
('user_C', 'ツイート内容16', '/images/tweet/img01.jpg', '栃木県', FORMATDATETIME(DATEADD(SECOND, 160, CURRENT_TIMESTAMP), 'yyyy-MM-dd HH:mm:ss'), FORMATDATETIME(CURRENT_TIMESTAMP, 'yyyy-MM-dd HH:mm:ss'), 0),
('q30387', 'ツイート内容17', '/images/tweet/img02.jpg', '群馬県', FORMATDATETIME(DATEADD(SECOND, 170, CURRENT_TIMESTAMP), 'yyyy-MM-dd HH:mm:ss'), FORMATDATETIME(CURRENT_TIMESTAMP, 'yyyy-MM-dd HH:mm:ss'), 0),
('user_A', 'ツイート内容18', '/images/tweet/img03.jpg', '岐阜県', FORMATDATETIME(DATEADD(SECOND, 180, CURRENT_TIMESTAMP), 'yyyy-MM-dd HH:mm:ss'), FORMATDATETIME(CURRENT_TIMESTAMP, 'yyyy-MM-dd HH:mm:ss'), 0),
('user_B', 'ツイート内容19', '/images/tweet/img04.jpg', '三重県', FORMATDATETIME(DATEADD(SECOND, 190, CURRENT_TIMESTAMP), 'yyyy-MM-dd HH:mm:ss'), FORMATDATETIME(CURRENT_TIMESTAMP, 'yyyy-MM-dd HH:mm:ss'), 0),
('user_C', 'ツイート内容20', '/images/tweet/img05.jpg', '新潟県', FORMATDATETIME(DATEADD(SECOND, 200, CURRENT_TIMESTAMP), 'yyyy-MM-dd HH:mm:ss'), FORMATDATETIME(CURRENT_TIMESTAMP, 'yyyy-MM-dd HH:mm:ss'), 0);

INSERT INTO SCHEDULED_TWEETS (account_id, text, image, location, scheduled_datetime, created_datetime, delete_flag) VALUES
('q30387', 'ツイート内容1', '/images/tweet/img01.jpg', '東京都', FORMATDATETIME(DATEADD(SECOND, 10, CURRENT_TIMESTAMP), 'yyyy-MM-dd HH:mm:ss'), FORMATDATETIME(CURRENT_TIMESTAMP, 'yyyy-MM-dd HH:mm:ss'), 0),
('user_A', 'ツイート内容2', '/images/tweet/img02.jpg', '大阪府', FORMATDATETIME(DATEADD(SECOND, 20, CURRENT_TIMESTAMP), 'yyyy-MM-dd HH:mm:ss'), FORMATDATETIME(CURRENT_TIMESTAMP, 'yyyy-MM-dd HH:mm:ss'), 0),
('user_B', 'ツイート内容3', '/images/tweet/img03.jpg', '北海道', FORMATDATETIME(DATEADD(SECOND, 30, CURRENT_TIMESTAMP), 'yyyy-MM-dd HH:mm:ss'), FORMATDATETIME(CURRENT_TIMESTAMP, 'yyyy-MM-dd HH:mm:ss'), 0),
('user_C', 'ツイート内容4', '/images/tweet/img04.jpg', '福岡県', FORMATDATETIME(DATEADD(SECOND, 40, CURRENT_TIMESTAMP), 'yyyy-MM-dd HH:mm:ss'), FORMATDATETIME(CURRENT_TIMESTAMP, 'yyyy-MM-dd HH:mm:ss'), 0),
('q30387', 'ツイート内容5', '/images/tweet/img05.jpg', '愛知県', FORMATDATETIME(DATEADD(SECOND, 50, CURRENT_TIMESTAMP), 'yyyy-MM-dd HH:mm:ss'), FORMATDATETIME(CURRENT_TIMESTAMP, 'yyyy-MM-dd HH:mm:ss'), 0),
('user_A', 'ツイート内容6', '/images/tweet/img06.jpg', '神奈川県', FORMATDATETIME(DATEADD(SECOND, 60, CURRENT_TIMESTAMP), 'yyyy-MM-dd HH:mm:ss'), FORMATDATETIME(CURRENT_TIMESTAMP, 'yyyy-MM-dd HH:mm:ss'), 0),
('user_B', 'ツイート内容7', '/images/tweet/img07.jpg', '千葉県', FORMATDATETIME(DATEADD(SECOND, 70, CURRENT_TIMESTAMP), 'yyyy-MM-dd HH:mm:ss'), FORMATDATETIME(CURRENT_TIMESTAMP, 'yyyy-MM-dd HH:mm:ss'), 0),
('user_C', 'ツイート内容8', '/images/tweet/img08.jpg', '京都府', FORMATDATETIME(DATEADD(SECOND, 80, CURRENT_TIMESTAMP), 'yyyy-MM-dd HH:mm:ss'), FORMATDATETIME(CURRENT_TIMESTAMP, 'yyyy-MM-dd HH:mm:ss'), 0),
('q30387', 'ツイート内容9', '/images/tweet/img09.jpg', '兵庫県', FORMATDATETIME(DATEADD(SECOND, 90, CURRENT_TIMESTAMP), 'yyyy-MM-dd HH:mm:ss'), FORMATDATETIME(CURRENT_TIMESTAMP, 'yyyy-MM-dd HH:mm:ss'), 0),
('user_A', 'ツイート内容10', '/images/tweet/img10.jpg', '広島県', FORMATDATETIME(DATEADD(SECOND, 100, CURRENT_TIMESTAMP), 'yyyy-MM-dd HH:mm:ss'), FORMATDATETIME(CURRENT_TIMESTAMP, 'yyyy-MM-dd HH:mm:ss'), 0),
('user_B', 'ツイート内容11', '/images/tweet/img11.jpg', '宮城県', FORMATDATETIME(DATEADD(SECOND, 110, CURRENT_TIMESTAMP), 'yyyy-MM-dd HH:mm:ss'), FORMATDATETIME(CURRENT_TIMESTAMP, 'yyyy-MM-dd HH:mm:ss'), 0),
('user_C', 'ツイート内容12', '/images/tweet/img12.jpg', '長野県', FORMATDATETIME(DATEADD(SECOND, 120, CURRENT_TIMESTAMP), 'yyyy-MM-dd HH:mm:ss'), FORMATDATETIME(CURRENT_TIMESTAMP, 'yyyy-MM-dd HH:mm:ss'), 0),
('q30387', 'ツイート内容13', '/images/tweet/img13.jpg', '沖縄県', FORMATDATETIME(DATEADD(SECOND, 130, CURRENT_TIMESTAMP), 'yyyy-MM-dd HH:mm:ss'), FORMATDATETIME(CURRENT_TIMESTAMP, 'yyyy-MM-dd HH:mm:ss'), 0),
('user_A', 'ツイート内容14', '/images/tweet/img14.jpg', '静岡県', FORMATDATETIME(DATEADD(SECOND, 140, CURRENT_TIMESTAMP), 'yyyy-MM-dd HH:mm:ss'), FORMATDATETIME(CURRENT_TIMESTAMP, 'yyyy-MM-dd HH:mm:ss'), 0),
('user_B', 'ツイート内容15', '/images/tweet/img15.jpg', '茨城県', FORMATDATETIME(DATEADD(SECOND, 150, CURRENT_TIMESTAMP), 'yyyy-MM-dd HH:mm:ss'), FORMATDATETIME(CURRENT_TIMESTAMP, 'yyyy-MM-dd HH:mm:ss'), 0),
('user_C', 'ツイート内容16', '/images/tweet/img01.jpg', '栃木県', FORMATDATETIME(DATEADD(SECOND, 160, CURRENT_TIMESTAMP), 'yyyy-MM-dd HH:mm:ss'), FORMATDATETIME(CURRENT_TIMESTAMP, 'yyyy-MM-dd HH:mm:ss'), 0),
('q30387', 'ツイート内容17', '/images/tweet/img02.jpg', '群馬県', FORMATDATETIME(DATEADD(SECOND, 170, CURRENT_TIMESTAMP), 'yyyy-MM-dd HH:mm:ss'), FORMATDATETIME(CURRENT_TIMESTAMP, 'yyyy-MM-dd HH:mm:ss'), 0),
('user_A', 'ツイート内容18', '/images/tweet/img03.jpg', '岐阜県', FORMATDATETIME(DATEADD(SECOND, 180, CURRENT_TIMESTAMP), 'yyyy-MM-dd HH:mm:ss'), FORMATDATETIME(CURRENT_TIMESTAMP, 'yyyy-MM-dd HH:mm:ss'), 0),
('user_B', 'ツイート内容19', '/images/tweet/img04.jpg', '三重県', FORMATDATETIME(DATEADD(SECOND, 190, CURRENT_TIMESTAMP), 'yyyy-MM-dd HH:mm:ss'), FORMATDATETIME(CURRENT_TIMESTAMP, 'yyyy-MM-dd HH:mm:ss'), 0),
('user_C', 'ツイート内容20', '/images/tweet/img05.jpg', '新潟県', FORMATDATETIME(DATEADD(SECOND, 200, CURRENT_TIMESTAMP), 'yyyy-MM-dd HH:mm:ss'), FORMATDATETIME(CURRENT_TIMESTAMP, 'yyyy-MM-dd HH:mm:ss'), 0);
